{"stats":{"minecraft:used":{"minecraft:sticky_piston":4,"minecraft:piston":7,"minecraft:anvil":2,"minecraft:dropper":1,"minecraft:command_block":4,"minecraft:iron_block":6,"minecraft:redstone":1,"minecraft:acacia_trapdoor":1,"minecraft:oak_planks":12,"minecraft:slime_block":33,"minecraft:ladder":10,"minecraft:stone_button":7,"minecraft:oak_sign":11,"minecraft:sandstone":2,"minecraft:spruce_trapdoor":3,"minecraft:redstone_block":7,"minecraft:gray_stained_glass":2},"minecraft:custom":{"minecraft:time_since_rest":8673,"minecraft:play_one_minute":8673,"minecraft:crouch_one_cm":377,"minecraft:inspect_dropper":2,"minecraft:sprint_one_cm":1626,"minecraft:walk_one_cm":18697,"minecraft:sneak_time":371,"minecraft:interact_with_anvil":1,"minecraft:jump":20,"minecraft:damage_dealt":10,"minecraft:leave_game":1,"minecraft:time_since_death":8673,"minecraft:fly_one_cm":16516},"minecraft:picked_up":{"minecraft:stone_button":1,"minecraft:cookie":1}},"DataVersion":2230}