{"stats":{"minecraft:killed":{"minecraft:spider":1,"minecraft:bat":1,"minecraft:strider":1,"minecraft:zombie":1},"minecraft:custom":{"minecraft:inspect_dropper":41,"minecraft:mob_kills":4,"minecraft:interact_with_anvil":12,"minecraft:inspect_hopper":11,"minecraft:interact_with_crafting_table":4,"minecraft:leave_game":14,"minecraft:time_since_death":133943,"minecraft:sprint_one_cm":946387,"minecraft:walk_one_cm":1020949,"minecraft:damage_blocked_by_shield":310,"minecraft:drop":304,"minecraft:talked_to_villager":1,"minecraft:strider_one_cm":23884,"minecraft:deaths":4,"minecraft:sneak_time":52063,"minecraft:interact_with_lectern":14,"minecraft:jump":7854,"minecraft:walk_on_water_one_cm":6952,"minecraft:interact_with_furnace":2,"minecraft:play_record":14,"minecraft:tune_noteblock":569,"minecraft:play_one_minute":834409,"minecraft:time_since_rest":133977,"minecraft:damage_taken":1986,"minecraft:damage_dealt":1379,"minecraft:fly_one_cm":5241046,"minecraft:player_kills":3,"minecraft:open_chest":2,"minecraft:crouch_one_cm":39302,"minecraft:fall_one_cm":91391,"minecraft:inspect_dispenser":7},"minecraft:used":{"minecraft:music_disc_far":1,"minecraft:writable_book":10,"minecraft:flint_and_steel":40,"minecraft:armor_stand":3,"minecraft:red_concrete":3,"minecraft:dispenser":5,"minecraft:redstone":813,"minecraft:oak_sign":32,"minecraft:light_blue_terracotta":23,"minecraft:shield":14,"minecraft:chest":11,"minecraft:white_terracotta":43,"minecraft:iron_sword":19,"minecraft:stone":42,"minecraft:zombie_spawn_egg":7,"minecraft:rotten_flesh":3,"minecraft:green_terracotta":4,"minecraft:torch":9,"minecraft:dirt":194,"minecraft:soul_sand":1,"minecraft:anvil":7,"minecraft:target":9,"minecraft:hopper":28,"minecraft:orange_wool":18,"minecraft:cyan_wool":125,"minecraft:obsidian":106,"minecraft:polished_diorite":1,"minecraft:brown_terracotta":144,"minecraft:glass":976,"minecraft:packed_ice":1,"minecraft:honey_block":59,"minecraft:cyan_terracotta":312,"minecraft:lava_bucket":3,"minecraft:light_gray_stained_glass":162,"minecraft:music_disc_pigstep":3,"minecraft:red_wool":137,"minecraft:iron_axe":4,"minecraft:grass_block":168,"minecraft:slime_block":74,"minecraft:music_disc_ward":1,"minecraft:green_wool":21,"minecraft:music_disc_chirp":4,"minecraft:pink_wool":32,"minecraft:stone_brick_stairs":4,"minecraft:item_frame":28,"minecraft:music_disc_stal":2,"minecraft:light_gray_wool":59,"minecraft:repeater":302,"minecraft:glowstone":14,"minecraft:redstone_lamp":34,"minecraft:lime_concrete":8,"minecraft:magenta_wool":27,"minecraft:written_book":3,"minecraft:magenta_terracotta":32,"minecraft:furnace":21,"minecraft:stone_pressure_plate":7,"minecraft:cooked_beef":19,"minecraft:observer":214,"minecraft:orange_terracotta":25,"minecraft:brown_concrete_powder":9,"minecraft:spider_spawn_egg":2,"minecraft:brain_coral_block":20,"minecraft:water_bucket":19,"minecraft:dropper":33,"minecraft:warped_fungus_on_a_stick":17,"minecraft:gray_carpet":9,"minecraft:powered_rail":1,"minecraft:acacia_trapdoor":1,"minecraft:polished_andesite":1167,"minecraft:lime_wool":134,"minecraft:blue_wool":195,"minecraft:lime_concrete_powder":9,"minecraft:sandstone":192,"minecraft:redstone_block":21,"minecraft:parrot_spawn_egg":6,"minecraft:oak_leaves":12,"minecraft:white_wool":132,"minecraft:lime_terracotta":237,"minecraft:comparator":28,"minecraft:tnt":7,"minecraft:crafting_table":6,"minecraft:strider_spawn_egg":1,"minecraft:light_blue_wool":87,"minecraft:note_block":170,"minecraft:spruce_log":48,"minecraft:music_disc_strad":2,"minecraft:cyan_stained_glass":2,"minecraft:redstone_torch":45,"minecraft:oak_log":8,"minecraft:sticky_piston":385,"minecraft:gray_terracotta":19,"minecraft:piston":139,"minecraft:netherite_block":13,"minecraft:lever":18,"minecraft:black_wool":165,"minecraft:diamond_pickaxe":101,"minecraft:black_concrete":28,"minecraft:daylight_detector":2,"minecraft:dark_oak_log":2,"minecraft:command_block":3,"minecraft:music_disc_mall":1,"minecraft:brown_wool":17,"minecraft:barrier":5,"minecraft:stone_button":78,"minecraft:lectern":1,"minecraft:netherite_axe":2,"minecraft:white_glazed_terracotta":4,"minecraft:oak_pressure_plate":5,"minecraft:diamond_ore":1,"minecraft:yellow_wool":37,"minecraft:diamond_sword":2,"minecraft:cobblestone":202,"minecraft:light_blue_concrete_powder":26,"minecraft:smithing_table":1,"minecraft:bucket":8,"minecraft:sandstone_slab":2,"minecraft:smooth_stone_slab":6,"minecraft:gray_wool":10,"minecraft:purple_wool":24,"minecraft:jukebox":1,"minecraft:soul_torch":5},"minecraft:picked_up":{"minecraft:iron_chestplate":1,"minecraft:music_disc_strad":2,"minecraft:chicken":1,"minecraft:anvil":1,"minecraft:shield":1,"minecraft:string":7,"minecraft:iron_axe":1,"minecraft:iron_leggings":1,"minecraft:item_frame":2,"minecraft:oak_sign":2,"minecraft:gold_nugget":1,"minecraft:comparator":4,"minecraft:redstone_torch":4,"minecraft:written_book":1,"minecraft:iron_boots":1,"minecraft:diamond_ore":5,"minecraft:sandstone":1,"minecraft:stone":13,"minecraft:brown_terracotta":2,"minecraft:torch":7,"minecraft:stone_button":9,"minecraft:music_disc_pigstep":2,"minecraft:redstone":49,"minecraft:stone_pressure_plate":1,"minecraft:tnt":7,"minecraft:arrow":576,"minecraft:rotten_flesh":6,"minecraft:light_blue_wool":2,"minecraft:music_disc_ward":1,"minecraft:cyan_terracotta":72,"minecraft:saddle":1,"minecraft:lime_concrete_powder":1,"minecraft:cobblestone":50,"minecraft:feather":3,"minecraft:cooked_beef":16,"minecraft:repeater":9,"minecraft:music_disc_stal":2,"minecraft:dirt":22,"minecraft:glass":127,"minecraft:gray_carpet":2,"minecraft:wheat_seeds":4,"minecraft:music_disc_far":1,"minecraft:iron_ore":6,"minecraft:iron_sword":1,"minecraft:music_disc_chirp":4,"minecraft:lime_terracotta":2,"minecraft:soul_torch":1,"minecraft:grass_block":9,"minecraft:gold_ore":2,"minecraft:light_blue_concrete_powder":1,"minecraft:polished_andesite":128,"minecraft:music_disc_mall":1,"minecraft:lever":2,"minecraft:honey_block":44,"minecraft:iron_helmet":1,"minecraft:oak_sapling":1,"minecraft:coal":25,"minecraft:diamond_pickaxe":1},"minecraft:mined":{"minecraft:light_blue_wool":2,"minecraft:grass_block":11,"minecraft:sandstone":1,"minecraft:light_blue_concrete_powder":1,"minecraft:cyan_terracotta":25,"minecraft:honey_block":44,"minecraft:glass":7,"minecraft:cobblestone":35,"minecraft:tnt":6,"minecraft:lime_terracotta":2,"minecraft:dirt":17,"minecraft:gray_carpet":1,"minecraft:brown_terracotta":2},"minecraft:dropped":{"minecraft:water_bucket":1,"minecraft:gold_ore":128,"minecraft:daylight_detector":1,"minecraft:iron_sword":3,"minecraft:wheat_seeds":380,"minecraft:cyan_stained_glass":1,"minecraft:cooked_beef":51,"minecraft:oak_log":4,"minecraft:tnt":2,"minecraft:lime_concrete_powder":2,"minecraft:iron_helmet":3,"minecraft:feather":1,"minecraft:lime_terracotta":1,"minecraft:barrier":1,"minecraft:cobblestone":520,"minecraft:music_disc_pigstep":2,"minecraft:grass_block":10,"minecraft:coal":447,"minecraft:golden_apple":2,"minecraft:stick":63,"minecraft:item_frame":4,"minecraft:polished_andesite":199,"minecraft:cyan_terracotta":73,"minecraft:dirt":104,"minecraft:redstone_lamp":1,"minecraft:stone_button":3,"minecraft:torch":7,"minecraft:dispenser":1,"minecraft:light_blue_wool":3,"minecraft:repeater":3,"minecraft:light_gray_stained_glass":2,"minecraft:brown_terracotta":2,"minecraft:iron_leggings":3,"minecraft:music_disc_strad":3,"minecraft:writable_book":2,"minecraft:music_disc_ward":1,"minecraft:iron_axe":3,"minecraft:paper":1,"minecraft:music_disc_stal":2,"minecraft:white_wool":1,"minecraft:gray_carpet":1,"minecraft:redstone":4,"minecraft:anvil":67,"minecraft:zombie_spawn_egg":2,"minecraft:warped_nylium":1,"minecraft:lever":1,"minecraft:music_disc_chirp":4,"minecraft:smooth_stone_slab":1,"minecraft:lime_concrete":1,"minecraft:obsidian":1,"minecraft:rotten_flesh":2,"minecraft:iron_boots":3,"minecraft:comparator":4,"minecraft:music_disc_far":2,"minecraft:white_terracotta":1,"minecraft:diamond_ore":67,"minecraft:orange_wool":2,"minecraft:oak_sign":4,"minecraft:carrot":63,"minecraft:flint_and_steel":1,"minecraft:gray_terracotta":1,"minecraft:brain_coral_block":60,"minecraft:stone":108,"minecraft:shield":3,"minecraft:netherite_block":1,"minecraft:dropper":1,"minecraft:iron_chestplate":3,"minecraft:diamond_pickaxe":1,"minecraft:honey_block":1,"minecraft:music_disc_mall":2,"minecraft:hopper":66,"minecraft:glowstone":1,"minecraft:oak_sapling":1,"minecraft:spruce_log":1,"minecraft:iron_ore":191,"minecraft:sandstone":5,"minecraft:arrow":514,"minecraft:powered_rail":1,"minecraft:glass":231,"minecraft:strider_spawn_egg":1,"minecraft:light_blue_terracotta":2,"minecraft:magenta_wool":1,"minecraft:lectern":1}},"DataVersion":2567}