{"stats":{"minecraft:used":{"minecraft:oak_sign":1,"minecraft:glass":4,"minecraft:piston":7,"minecraft:dirt":49},"minecraft:custom":{"minecraft:jump":138,"minecraft:time_since_rest":45798,"minecraft:leave_game":1,"minecraft:crouch_one_cm":1146,"minecraft:play_one_minute":45798,"minecraft:inspect_dropper":4,"minecraft:sprint_one_cm":69641,"minecraft:walk_on_water_one_cm":200,"minecraft:time_since_death":45798,"minecraft:walk_one_cm":86628,"minecraft:sneak_time":2056,"minecraft:interact_with_lectern":1,"minecraft:fall_one_cm":209,"minecraft:fly_one_cm":230627,"minecraft:inspect_dispenser":1,"minecraft:aviate_one_cm":680928}},"DataVersion":2567}