{"stats":{"minecraft:dropped":{"minecraft:dirt":1,"minecraft:red_concrete_powder":1,"minecraft:cobblestone":129,"minecraft:iron_ore":1,"minecraft:arrow":1,"minecraft:glass":3,"minecraft:written_book":1},"minecraft:mined":{"minecraft:glass":1},"minecraft:used":{"minecraft:oak_log":1,"minecraft:glass":22,"minecraft:netherite_sword":20,"minecraft:diorite":1,"minecraft:writable_book":4,"minecraft:black_concrete":106,"minecraft:enchanting_table":2,"minecraft:iron_axe":10,"minecraft:red_concrete":1,"minecraft:grass_block":9,"minecraft:armor_stand":5,"minecraft:polished_andesite":28,"minecraft:barrier":31,"minecraft:shield":12,"minecraft:sandstone":16,"minecraft:iron_sword":10,"minecraft:oak_pressure_plate":3,"minecraft:golden_apple":1,"minecraft:anvil":4,"minecraft:glowstone":67,"minecraft:dirt":16,"minecraft:cobblestone":21,"minecraft:crafting_table":1,"minecraft:furnace":2,"minecraft:smithing_table":1,"minecraft:cooked_beef":1},"minecraft:killed_by":{"minecraft:player":3},"minecraft:custom":{"minecraft:time_since_rest":12206,"minecraft:inspect_dropper":4,"minecraft:interact_with_furnace":1,"minecraft:sprint_one_cm":284154,"minecraft:walk_one_cm":144731,"minecraft:mob_kills":15,"minecraft:drop":17,"minecraft:damage_dealt":1440,"minecraft:interact_with_crafting_table":2,"minecraft:tune_noteblock":42,"minecraft:fly_one_cm":463794,"minecraft:open_chest":3,"minecraft:crouch_one_cm":2723,"minecraft:play_one_minute":94244,"minecraft:deaths":3,"minecraft:sneak_time":2176,"minecraft:walk_under_water_one_cm":648,"minecraft:interact_with_lectern":1,"minecraft:jump":614,"minecraft:leave_game":1,"minecraft:walk_on_water_one_cm":17,"minecraft:time_since_death":12176,"minecraft:interact_with_smithing_table":1,"minecraft:fall_one_cm":3503,"minecraft:damage_taken":1041,"minecraft:damage_blocked_by_shield":666},"minecraft:picked_up":{"minecraft:cooked_beef":32,"minecraft:iron_chestplate":2,"minecraft:chicken":1,"minecraft:feather":8,"minecraft:red_concrete_powder":1,"minecraft:music_disc_pigstep":1,"minecraft:shield":2,"minecraft:string":2,"minecraft:dirt":1,"minecraft:iron_axe":2,"minecraft:iron_leggings":2,"minecraft:rotten_flesh":2,"minecraft:glass":2,"minecraft:iron_helmet":2,"minecraft:iron_ore":2,"minecraft:golden_apple":2,"minecraft:iron_sword":2,"minecraft:iron_boots":2,"minecraft:cobblestone":59},"minecraft:killed":{"minecraft:parrot":6,"minecraft:cave_spider":1,"minecraft:zombified_piglin":2,"minecraft:chicken":6}},"DataVersion":2567}