{"stats":{"minecraft:used":{"minecraft:redstone_torch":43,"minecraft:sticky_piston":28,"minecraft:glass":80,"minecraft:water_bucket":27,"minecraft:piston":39,"minecraft:lever":14,"minecraft:packed_ice":1,"minecraft:light_gray_stained_glass":102,"minecraft:dropper":63,"minecraft:command_block":3,"minecraft:red_wool":229,"minecraft:oak_button":1,"minecraft:polished_andesite":2,"minecraft:dispenser":32,"minecraft:redstone":130,"minecraft:stone_button":13,"minecraft:green_wool":6,"minecraft:oak_sign":7,"minecraft:blue_wool":138,"minecraft:chest":10,"minecraft:red_terracotta":47,"minecraft:sandstone":9,"minecraft:redstone_block":18,"minecraft:magenta_stained_glass":144,"minecraft:fishing_rod":1526,"minecraft:soul_sand":4,"minecraft:repeater":47,"minecraft:redstone_lamp":7,"minecraft:rail":3,"minecraft:comparator":17,"minecraft:yellow_terracotta":148,"minecraft:hopper":82,"minecraft:white_stained_glass":2,"minecraft:minecart":3,"minecraft:bucket":1,"minecraft:shulker_box":21,"minecraft:smooth_stone_slab":6,"minecraft:pink_terracotta":25,"minecraft:note_block":9,"minecraft:observer":31,"minecraft:orange_terracotta":408,"minecraft:purple_wool":190},"minecraft:custom":{"minecraft:time_since_rest":179621,"minecraft:inspect_dropper":14,"minecraft:sprint_one_cm":21118,"minecraft:walk_one_cm":40829,"minecraft:drop":11,"minecraft:inspect_hopper":76,"minecraft:minecart_one_cm":81747,"minecraft:play_noteblock":7,"minecraft:tune_noteblock":81,"minecraft:fly_one_cm":1618656,"minecraft:open_chest":47,"minecraft:play_one_minute":179621,"minecraft:crouch_one_cm":3917,"minecraft:open_shulker_box":21,"minecraft:sneak_time":14824,"minecraft:walk_under_water_one_cm":319,"minecraft:jump":366,"minecraft:walk_on_water_one_cm":102,"minecraft:leave_game":3,"minecraft:time_since_death":179621,"minecraft:inspect_dispenser":65},"minecraft:dropped":{"minecraft:red_wool":3,"minecraft:shulker_box":6,"minecraft:redstone":2},"minecraft:picked_up":{"minecraft:repeater":1,"minecraft:water_bucket":9,"minecraft:red_wool":2,"minecraft:stone_button":5,"minecraft:redstone":19,"minecraft:shulker_box":8,"minecraft:redstone_torch":21,"minecraft:wooden_shovel":10,"minecraft:rail":1}},"DataVersion":1968}